Outcome,Outcome_Variable,Method,ATE,ATE_Formatted,SE,SE_Formatted,CI_Lower,CI_Upper,CI_Formatted,P_Value,Significant,N_Treated,N_Control,N_Total,Mean_Treated,Mean_Control
Earnings (10-year),earnings_10yr,IPW (Inverse Probability Weighting),-1456.6397994416184,"$-1,456.64",801.7977810935013,$801.80,-3153.5184073308556,46.71365515260388,"[$-3,153.52, $46.71]",0.058,No,947,3120,4067,44194.85192940519,45651.491728846806
Graduation Rate (6-year),grad_rate_6yr,IPW (Inverse Probability Weighting),-2.423088552759147,-2.42 pp,1.3564892869314793,1.36 pp,-5.063938508875265,0.1262451062156449,"[-5.06, 0.13] pp",0.072,No,565,2920,3485,49.9880321591258,52.41112071188495
