Model,R2_Test,RMSE_Test,Afford_Rank
R1a_Full,0.9536578475415529,2767.325115870631,1.0
R1b_No_Afford,0.9642701833989946,2429.8948321640873,
R1c_Interactions,0.932843042427528,3331.3294978459185,
R1d_High_Pell,0.7329502827343821,5125.6837797139915,1.0
R1d_Low_Pell,0.9380818739699025,3301.309754826826,1.0
